{"cameraMode":{"drawMode":0,"name":"Shaded","section":"Shading Mode"},"sceneLighting":true,"audioPlay":false,"sceneViewState":{"showFog":true,"showMaterialUpdate":false,"showSkybox":true,"showFlares":true,"showImageEffects":true,"showParticleSystems":true},"in2DMode":false,"pivot":{"x":-6.450155258178711,"y":0.15114577114582063,"z":1.7086029052734376},"rotation":{"x":-0.030918173491954805,"y":0.9689620137214661,"z":-0.18023741245269776,"w":-0.16644468903541566},"size":5.407395362854004,"orthographic":false}