{"cameraMode":{"drawMode":0,"name":"Shaded","section":"Shading Mode"},"sceneLighting":true,"audioPlay":false,"sceneViewState":{"showFog":true,"showMaterialUpdate":false,"showSkybox":true,"showFlares":true,"showImageEffects":true,"showParticleSystems":true},"in2DMode":false,"pivot":{"x":8.845246315002442,"y":-7.70425271987915,"z":-4.280479907989502},"rotation":{"x":0.0744200125336647,"y":0.925578773021698,"z":-0.26396051049232485,"w":0.26095205545425417},"size":25.280723571777345,"orthographic":false}